season,vote,episode,castaway,castaway_id,acknowledge,ack_gesture,ack_speak,ack_look,ack_smile,ack_speak_notes,ack_score,notes
1,1,1,Sonja,US0001,True,True,True,True,True,"""Go get 'em you guys.""",4,
1,2,2,B.B.,US0002,False,False,False,False,False,,0,"He said ""alright"" but to Jeff not to tribe. "
1,3,3,Stacey,US0003,False,False,False,False,False,,0,"Also said ""alright"" when told ""time for you to go"""
1,4,4,Ramona,US0004,False,False,False,False,False,,0,Went back for her bag 
1,5,5,Dirk,US0005,True,True,True,True,True,"""Good luck""",4,
1,6,6,Joel,US0006,True,True,True,True,False,"""Goodbye""",3,
1,7,7,Gretchen,US0007,True,True,False,True,True,,3,Gave thumbs up sign and wave
1,8,8,Greg,US0008,True,False,True,True,False,,2,Fake crying 
1,9,9,Jenna,US0009,False,False,False,False,False,,0,
1,10,10,Gervase,US0010,False,False,False,False,False,,0,
1,11,11,Colleen,US0011,True,True,False,True,True,,3,Slight smile and small wave
1,12,12,Sean,US0012,True,False,True,True,False,"""See you in a few days."" ",2,
1,13,13,Sue,US0013,True,True,True,True,True,"""See you guys."" ",4,
1,14,13,Rudy,US0014,False,False,False,False,False,,0,
2,1,1,Debb,US0017,False,False,False,False,False,,0,
2,2,2,Kel,US0018,False,False,False,False,False,,0,
2,3,3,Maralyn,US0019,False,False,False,False,False,,0,
2,4,4,Mitchell,US0020,False,False,False,False,False,,0,
2,5,5,Kimmi,US0021,False,False,False,False,False,,0,
2,6,7,Jeff,US0023,False,False,False,False,False,,0,
2,7,8,Alicia,US0024,False,False,False,False,False,,0,
2,8,10,Jerri,US0025,False,False,False,False,False,,0,
2,9,11,Nick,US0026,False,False,False,False,False,,0,
2,10,12,Amber,US0027,False,False,False,False,False,,0,
2,11,13,Rodger,US0028,False,False,False,False,False,,0,
2,12,14,Elisabeth,US0029,False,False,False,False,False,,0,
2,13,15,Keith,US0030,False,False,False,False,False,,0,
3,1,1,Diane,US0033,False,False,False,False,False,,0,
3,2,2,Jessie,US0034,False,False,False,False,False,,0,
3,3,3,Carl,US0035,False,False,False,False,False,,0,
3,4,4,Linda,US0036,False,False,False,False,False,,0,
3,5,5,Silas,US0037,False,False,False,False,False,,0,
3,6,6,Lindsey,US0038,False,False,False,False,False,,0,
3,7,7,Clarence,US0039,False,False,False,False,False,,0,
3,8,9,Kelly,US0040,False,False,False,False,False,,0,
3,9,10,Brandon,US0041,False,False,False,False,False,,0,
3,10,11,Frank,US0042,False,False,False,False,False,,0,
3,11,12,Kim P.,US0043,False,False,False,False,False,,0,
3,12,13,Teresa,US0044,False,False,False,False,False,,0,
3,13,14,Tom,US0045,False,False,False,False,False,,0,
3,14,14,Lex,US0046,False,False,False,False,False,,0,
4,1,1,Peter,US0049,True,True,True,True,True,"""Go get 'em""",4,
4,2,2,Patricia,US0050,False,False,False,False,False,,0,
4,3,3,Hunter,US0051,True,True,False,True,False,,2,
4,4,4,Sarah,US0052,True,True,False,True,True,,3,
4,5,5,Gabriel,US0053,False,False,False,False,False,,0,
4,6,6,Gina,US0054,True,False,True,True,True,"""Bye, guys.""",3,
4,7,7,Boston Rob,US0055,True,True,True,True,True,"""Good luck, guys.""",4,
4,8,8,John,US0056,True,True,False,True,False,,2,
4,9,10,Zoe,US0057,True,True,True,True,False,"""Break an arm""",3,
4,10,11,Tammy,US0058,False,False,False,False,False,,0,
4,11,12,Robert,US0059,False,False,False,False,False,,0,
4,12,13,Sean,US0060,True,True,False,True,True,,3,
4,13,14,Paschal,US0061,True,True,True,True,True,"""Thank all of you.""",4,
4,14,14,Kathy,US0062,True,True,True,True,True,"""See ya, guys.""",4,
5,1,1,John,US0065,True,True,False,True,True,,3,
5,2,2,Tanya,US0066,True,True,False,True,True,,3,
5,3,3,Jed,US0067,False,False,False,False,False,,0,
5,4,4,Ghandia,US0068,True,False,True,True,True,"""Stay strong, y'all. See ya.""",3,
5,5,5,Stephanie,US0069,True,False,True,True,False,"""Good luck, guys. See you.""",2,
5,6,6,Robb,US0070,True,True,True,True,True,"""Much love, dude. You guys rule. Good luck. Play hard, dude. For real, you guys are all with me.""",4,
5,7,7,Shii Ann,US0071,True,False,True,True,False,"""Good luck, you guys.""",2,
5,8,8,Erin,US0072,True,True,True,True,False,"""Good luck. I love you guys. Bye.""",3,
5,9,9,Ken,US0073,True,True,True,True,False,"""Good luck out there.""",3,
5,10,10,Penny,US0074,True,True,True,True,True,"""Bye. Good luck.""",4,
5,11,12,Jake,US0075,True,True,True,True,True,"""Thanks, guys. Good luck to all of you."" ",4,
5,12,13,Ted,US0076,True,True,True,True,False,"""Bye, guys. Take care."" ",3,
5,13,14,Helen,US0077,False,False,False,False,False,,0,
5,14,14,Jan,US0078,True,True,True,True,True,"""I love y'all. Thank you.""",4,
6,1,1,Ryan,US0081,False,False,False,False,False,,0,
6,2,2,Janet,US0082,True,False,True,True,True,"""Good luck, guys""",3,
6,3,3,Daniel,US0083,True,True,False,True,False,,2,
6,4,4,JoAnna,US0084,False,False,False,False,False,,0,
6,5,5,Jeanne,US0085,False,False,False,False,False,,0,
6,6,6,Shawna,US0086,True,True,False,True,True,,3,"Mouthed, ""Goodbye"""
6,7,7,Roger,US0087,False,False,False,False,False,,0,
6,8,8,Dave,US0088,False,False,False,False,False,,0,
6,9,9,Deena,US0089,False,False,False,False,False,,0,
6,10,11,Alex,US0090,True,True,True,True,True,"""Take it easy, guys.""",4,
6,11,12,Christy,US0091,False,False,False,False,False,,0,
6,12,13,Heidi,US0092,False,False,False,False,False,,0,
6,13,14,Butch,US0093,True,True,True,True,False,"""Good luck""",3,
6,14,14,Rob,US0094,True,True,True,True,True,Inaudible,4,
7,1,1,Nicole,US0097,False,False,False,False,False,,0,
7,2,2,Ryan S.,US0098,False,False,False,False,False,,0,
7,3,3,Lillian,US0099,False,False,False,False,False,,0,
7,4,4,Burton,US0100,False,False,False,False,False,,0,
7,5,5,Michelle,US0101,True,True,False,True,True,,3,
7,6,6,Trish,US0102,False,False,False,False,False,,0,
7,7,7,Shawn,US0103,False,False,False,False,False,,0,
7,8,7,Osten,US0104,False,False,False,False,False,,0,
7,9,8,Andrew,US0105,True,True,True,True,False,"""Ryan O, D, T, hang tough.""",3,
7,10,9,Ryan O.,US0106,True,False,True,True,False,"""I'll be back, guys.""",2,
7,11,10,Rupert,US0107,False,False,False,False,False,,0,
7,12,11,Tijuana,US0108,False,False,False,False,False,,0,
7,13,12,Christa,US0109,True,True,False,True,False,,2,
7,14,13,Burton,US0100,False,False,False,False,False,,0,
7,15,14,Darrah,US0110,False,False,False,False,False,,0,
7,16,14,Jonny Fairplay,US0111,False,False,False,False,False,,0,
8,1,1,Tina,US0032,False,False,False,False,False,,0,
8,2,2,Rudy,US0014,True,True,False,True,False,,2,
8,3,4,Rob C.,US0094,True,True,False,True,False,,2,
8,4,5,Richard,US0016,True,False,True,True,True,,3,
8,5,7,Colby,US0031,False,False,False,False,False,,0,
8,6,8,Ethan,US0048,True,True,True,True,False,,3,
8,7,10,Jerri,US0025,True,True,False,True,True,,3,
8,8,11,Lex,US0046,False,False,False,False,False,,0,
8,9,12,Kathy,US0062,True,True,False,True,True,,3,
8,10,13,Alicia,US0024,False,False,False,False,False,,0,
8,11,14,Shii Ann,US0071,True,True,True,True,True,"""Good luck, everyone.""",4,
8,12,15,Tom,US0045,True,False,False,True,False,,1,Glared at tribe on path out
8,13,16,Rupert,US0107,False,False,False,False,False,,0,
8,14,16,Jenna L.,US0009,True,True,False,True,False,,2,
9,1,1,Brook,US0113,False,False,False,False,False,,0,
9,2,2,Dolly,US0114,False,False,False,False,False,,0,
9,3,3,John P.,US0115,True,True,False,True,False,,2,
9,4,3,Mia,US0116,True,False,True,True,False,"""Kick ass, ladies.""",2,
9,5,4,Brady,US0117,True,True,True,True,False,"""Good luck, fellas.""",3,
9,6,5,Travis,US0118,True,True,True,True,True,"""Peace out, y'all.""",4,
9,7,6,Lisa,US0119,True,False,True,True,False,"""True to my word.""",2,
9,8,7,John K.,US0120,True,True,True,True,False,"""Take it easy.""",3,
9,9,8,Rory,US0121,False,False,False,False,False,,0,
9,10,9,Lea,US0122,True,True,False,True,False,,2,
9,11,10,Chad,US0123,True,True,False,True,False,,2,
9,12,11,Leann,US0124,True,False,False,True,False,,1,
9,13,12,Ami,US0125,False,False,False,False,False,,0,
9,14,13,Julie,US0126,False,False,False,False,False,,0,
9,15,14,Eliza,US0127,True,False,False,True,False,,1,
9,16,14,Scout,US0128,False,False,False,False,False,,0,
10,1,1,Jolanda,US0133,False,False,False,False,False,,0,
10,2,2,Ashlee,US0134,False,False,False,False,False,,0,
10,3,3,Jeff,US0135,False,False,False,False,False,,0,
10,4,4,Kim,US0136,False,False,False,False,False,,0,
10,5,5,Willard,US0137,True,True,True,True,True,"""Stay strong, stick to the plan, finish them off.""",4,
10,6,5,Angie,US0138,True,True,True,True,True,"""Steph, rock it for the ladies.""",4,
10,7,6,James,US0139,False,False,False,False,False,,0,
10,8,7,Ibrehem,US0140,False,False,False,False,False,,0,
10,9,8,Bobby Jon,US0141,False,False,False,False,False,,0,
10,10,9,Coby,US0142,True,False,True,True,True,"""That was a great compliment. Thank you.""",3,
10,11,11,Stephenie,US0144,False,False,False,False,False,,0,
10,12,12,Gregg,US0145,False,False,False,False,False,,0,
10,13,13,Caryn,US0146,False,False,False,False,False,,0,
10,14,14,Jenn,US0147,True,False,True,True,False,"""Good luck, guys.""",2,
10,15,14,Ian,US0148,False,False,False,False,False,,0,Not a traditional vote off because of the long bouy challenge
11,1,1,Jim,US0151,True,True,False,False,False,,1,Waved and turned head but didn't make eye contact
11,2,2,Morgan,US0152,False,False,False,False,False,,0,
11,3,3,Brianna,US0153,True,False,True,True,True,"""You guys are strong. Kick some ... butt."" ",3,
11,4,4,Brooke,US0154,False,False,False,False,False,,0,
11,5,5,Blake,US0155,True,False,True,True,False,"""Bye guys""",2,
11,6,6,Margaret,US0156,False,False,False,False,False,,0,
11,7,6,Brian,US0157,True,True,True,True,False,"""Good luck guys""",3,Hugged several people before torch.
11,8,7,Amy,US0158,False,False,False,False,False,,0,Hugged Gary before torch
11,9,8,Brandon,US0159,True,False,True,False,False,"""Good luck guys""",1,Spoke with back turned
11,10,9,Bobby Jon,US0141,True,True,True,True,False,"""Hang in there. Good luck.""",3,
11,11,10,Jamie,US0160,True,True,True,True,True,"""You blindsided! Nice! That's how you vote somebody off!""",4,Not a wave but lots of hand motions for emphasis. 
11,12,11,Gary,US0161,False,False,False,False,False,,0,
11,13,12,Judd,US0162,True,False,True,False,False,"""Scumbags""",1,Said it walking away
11,14,13,Cindy,US0163,False,False,False,False,False,,0,Curse of the car!
11,15,14,Lydia,US0164,False,False,False,False,False,,0,
11,16,14,Rafe,US0165,True,True,True,True,True,"""Good luck tomorrow, guys.""",4,
12,1,1,Tina,US0167,True,True,True,True,True,,4,
12,2,2,Melinda,US0168,True,True,True,False,False,,2,
12,3,3,Misty,US0169,True,True,True,False,False,,2,
12,4,4,Ruth Marie,US0170,True,True,True,False,False,,2,
12,5,5,Bobby,US0171,False,False,False,False,False,,0,
12,6,6,Dan,US0172,True,True,False,True,True,,3,
12,7,8,Nick,US0173,True,True,True,True,True,"""Cirie""",4,He threw her some socks and said her name. 
12,8,9,Austin,US0174,True,True,True,True,True,"""Bye guys""",4,
12,9,10,Sally,US0175,True,True,True,True,False,"""Thanks""",3,
12,10,12,Courtney,US0177,True,False,False,True,True,,2,
12,11,13,Shane,US0178,True,False,False,True,False,,1,
12,12,14,Cirie,US0179,True,True,False,True,True,,3,
12,13,15,Terry,US0180,True,True,True,True,False,"""Thanks for the journey, you guys""",3,
13,1,1,Sekou,US0183,False,False,False,False,False,,0,
13,2,2,Billy,US0184,True,True,False,True,False,,2,
13,3,3,Cecilia,US0185,False,False,False,False,False,,0,
13,4,4,J.P.,US0186,True,True,True,True,True,"""That was pretty good.""",4,
13,5,5,Stephannie,US0187,True,True,False,True,True,,3,
13,6,6,Cao Boi,US0188,False,False,False,False,False,,0,
13,7,6,Cristina,US0189,False,False,False,False,False,,0,
13,8,8,Jessica,US0190,True,True,False,True,True,,3,
13,9,9,Brad,US0191,True,True,False,True,True,,3,
13,10,10,Rebecca,US0192,False,False,False,False,False,,0,
13,11,10,Jenny,US0193,False,False,False,False,False,,0,
13,12,11,Nate,US0194,True,True,True,True,False,"""One love""",3,
13,13,12,Candice,US0195,True,True,True,True,True,"""Still smiling, guys. Have fun. Love ya.""",4,
13,14,13,Jonathan,US0196,True,True,True,True,True,"""I'd like my hat back at some point. 'Night guys.""",4,
13,15,14,Parvati,US0197,True,True,False,True,True,,3,
13,16,15,Adam,US0198,False,False,False,False,False,,0,
13,17,15,Sundra,US0199,True,True,False,True,True,,3,
14,1,1,Jessica,US0203,False,False,False,False,False,,0,
14,2,2,Erica,US0204,False,False,False,False,False,,0,
14,3,3,Sylvia,US0205,True,True,True,True,True,"""Good luck.""",4,
14,4,4,Liliana,US0207,False,False,False,False,False,,0,
14,5,5,Rita,US0208,True,True,False,True,True,,3,
14,6,6,Anthony,US0209,True,True,True,True,False,"""Good luck""",3,
14,7,7,Rocky,US0210,True,False,True,True,False,"""Be good, boys, huh?""",2,
14,8,8,Lisi,US0211,False,False,False,False,False,,0,
14,9,9,Michelle,US0212,True,True,False,True,True,,3,
14,10,10,Edgardo,US0213,False,False,False,False,False,,0,
14,11,11,Mookie,US0214,True,True,True,True,False,"""Good luck""",3,
14,12,12,Alex,US0215,True,True,False,True,False,,2,
14,13,13,Stacy,US0216,True,True,False,True,True,,3,
14,14,14,Boo,US0217,False,False,False,False,False,,0,
14,15,14,Yau-Man,US0218,True,True,True,True,True,"""Good luck""",4,
15,1,1,Chicken,US0222,False,False,False,False,False,,0,
15,2,2,Ashley,US0223,False,False,False,False,False,,0,
15,3,3,Leslie,US0224,True,True,False,True,False,,2,
15,4,4,Dave,US0225,False,False,False,False,False,,0,
15,5,5,Aaron,US0226,False,False,False,False,False,,0,
15,6,6,Sherea,US0227,False,False,False,False,False,,0,
15,7,7,Jaime,US0228,False,False,False,False,False,,0,
15,8,8,Jean-Robert,US0229,False,False,False,False,False,,0,
15,9,9,Frosti,US0230,True,True,False,True,False,,2,
15,10,11,James,US0231,False,False,False,False,False,,0,
15,11,12,Erik,US0232,False,False,False,False,False,,0,
15,12,13,Peih-Gee,US0233,False,False,False,False,False,,0,
15,13,14,Denise,US0234,True,True,False,True,True,,3,
16,1,1,Jonny Fairplay,US0111,True,True,True,True,True,"""Bye guys.""",4,
16,2,2,Mary,US0238,True,True,True,True,False,"""Bye guys. Win this.""",3,
16,3,3,Yau-Man,US0218,True,True,True,True,True,"""Good luck guys! Have fun.""",4,
16,4,4,Mikey B,US0239,False,False,False,False,False,,0,
16,5,5,Joel,US0240,True,True,True,True,True,,4,
16,6,6,Chet,US0241,True,True,True,True,True,"""Love you guys.""",4,
16,7,7,Tracy,US0243,False,False,False,False,False,,0,
16,8,8,Ami,US0125,True,True,True,True,True,"""Good luck guys!""",4,
16,9,9,Eliza,US0127,True,True,True,True,True,"""Bye guys.""",4,
16,10,10,Ozzy,US0201,True,False,False,True,False,,1,
16,11,11,Jason,US0244,True,True,True,True,True,,4,
16,12,12,Alexis,US0245,True,True,False,True,True,,3,
16,13,13,Erik,US0246,True,True,False,True,True,,3,
16,14,14,Natalie,US0247,True,True,False,True,True,,3,
16,15,14,Cirie,US0179,True,True,False,True,True,,3,
17,1,1,Michelle,US0248,False,False,False,False,False,,0,
17,2,1,Gillian,US0249,True,True,True,True,True,"""Bye guys. Good luck.""",4,
17,3,2,Paloma,US0250,False,False,False,False,False,,0,
17,4,3,Jacquie,US0251,False,False,False,False,False,,0,
17,5,4,GC,US0252,True,True,False,True,False,,2,
17,6,5,Kelly,US0253,False,False,False,False,False,,0,
17,7,6,Ace,US0254,True,True,True,True,False,"""Good luck, guys.""",3,
17,8,6,Dan,US0255,False,False,False,False,False,,0,
17,9,7,Marcus,US0256,False,False,False,False,False,,0,
17,10,8,Charlie,US0257,True,False,True,True,True,"""Have fun.""",3,
17,11,9,Randy,US0258,False,False,False,False,False,,0,
17,12,11,Corinne,US0259,False,False,False,False,False,,0,
17,13,12,Crystal,US0260,True,True,False,True,True,,3,
17,14,13,Ken,US0261,True,True,True,True,False,"""Goodbye""",3,
17,15,13,Matty,US0262,False,False,False,False,False,,0,
18,1,1,Carolina,US0266,False,False,False,False,False,,0,
18,2,2,Candace,US0267,False,False,False,False,False,,0,
18,3,3,Jerry,US0268,True,True,False,True,True,,3,
18,4,4,Sandy,US0269,False,False,False,False,False,,0,
18,5,5,Spencer,US0270,True,True,True,True,True,"""Bye guys""",4,
18,6,7,Sydney,US0271,False,False,False,False,False,,0,
18,7,9,Brendan,US0273,True,True,True,True,False,"""Good luck, you guys.""",3,
18,8,10,Tyson,US0274,True,True,False,True,True,,3,
18,9,11,Sierra,US0275,False,False,False,False,False,,0,
18,10,12,Debbie,US0276,True,True,False,True,False,,2,
18,11,13,Coach,US0277,True,True,False,True,True,,3,
18,12,14,Taj,US0278,False,False,False,False,False,,0,
18,13,14,Erinn,US0279,False,False,False,False,False,,0,
19,1,1,Marisa,US0282,False,False,False,False,False,,0,
19,2,2,Betsy,US0284,False,False,False,False,False,,0,
19,3,3,Ben,US0285,False,False,False,False,False,,0,
19,4,4,Yasmin,US0286,False,False,False,False,False,,0,
19,5,5,Ashley,US0287,True,False,True,True,False,"""Kick some butt you guys.""",2,
19,6,7,Liz,US0289,False,False,False,False,False,,0,
19,7,8,Erik,US0290,True,True,False,False,False,,1,
19,8,9,Kelly,US0291,False,False,False,False,False,,0,
19,9,10,Laura,US0292,False,False,False,False,False,,0,
19,10,12,John,US0293,True,True,True,True,False,"""Pleasure, boys.""",3,
19,11,13,Dave,US0294,True,False,True,True,False,"""Good game you guys.""",2,
19,12,13,Monica,US0295,True,True,False,True,False,,2,
19,13,14,Shambo,US0296,True,False,True,True,True,"""Good luck you guys.""",3,
19,14,15,Jaison,US0297,False,False,False,False,False,,0,
19,15,15,Brett,US0298,True,False,True,True,True,"""Good game guys!""",3,
20,1,1,Sugar,US0263,True,True,True,True,True,"""Bye""",4,
20,2,2,Stephenie,US0144,True,False,True,True,False,"""Some advice, next time y'all lose a challenge, a\nlittle less cursing off your tribe might help.... It's been a pleasure.""",2,
20,3,3,Randy,US0258,False,False,False,False,False,,0,
20,4,4,Cirie,US0179,True,True,False,True,False,,2,
20,5,5,Tom,US0150,False,False,False,False,False,,0,
20,6,6,Tyson,US0274,False,False,False,False,False,,0,
20,7,6,James,US0231,True,False,True,False,False,"""Oh, I'm gonna be good and drunk in the next five minutes.""",1,
20,8,7,Boston Rob,US0055,False,False,False,False,False,,0,
20,9,8,Coach,US0277,True,True,False,True,False,,2,
20,10,9,Courtney,US0236,True,True,True,True,True,"""Good luck, bitches. See you later.""",4,
20,11,10,J.T.,US0281,True,True,True,True,True,"""Good luck, guys.""",4,
20,12,11,Amanda,US0235,False,False,False,False,False,,0,
20,13,12,Candice,US0195,True,True,True,True,True,"""Good luck, you guys.""",4,
20,14,12,Danielle,US0181,True,True,True,True,False,"""Bye""",3,
20,15,13,Rupert,US0107,True,False,False,True,False,,1,
20,16,14,Colby,US0031,False,False,False,False,False,,0,
20,17,14,Jerri,US0025,True,True,True,True,True,"""Bye you guys.""",4,
21,1,1,Wendy,US0302,False,False,False,False,False,,0,
21,2,2,Shannon,US0303,False,False,False,False,False,,0,
21,3,3,Jimmy J.,US0304,True,True,True,True,False,"""Win a million bucks, OK?""",3,
21,4,4,Jimmy T.,US0305,False,False,False,False,False,,0,
21,5,5,Tyrone,US0306,True,True,True,True,True,"""Good luck, guys.""",4,
21,6,6,Kelly B.,US0307,False,False,False,False,False,,0,
21,7,6,Yve,US0308,False,False,False,False,False,,0,
21,8,7,Jill,US0309,False,False,False,False,False,,0,
21,9,8,Alina,US0310,True,False,True,True,True,"""Good luck, guys.""",3,
21,10,9,Marty,US0311,True,True,True,True,False,"""Good luck, guys.""",3,
21,11,10,Brenda,US0312,True,True,False,True,True,,3,
21,12,13,Benry,US0315,True,True,True,True,False,"""Good luck, guys.""",3,
21,13,14,Jane,US0316,True,False,True,False,False,"""Yall have fun""",1,
21,14,15,Dan,US0317,False,False,False,False,False,,0,
21,15,15,Holly,US0318,False,False,False,False,False,,0,
22,1,1,Francesca,US0322,True,False,True,False,False,"""Don't trust Phillip.""",1,
22,2,2,Matt,US0323,True,False,True,True,False,"""Have fun.""",2,
22,3,3,Russell,US0300,False,False,False,False,False,,0,
22,4,4,Kristina,US0324,False,False,False,False,False,,0,
22,5,5,Krista,US0325,False,False,False,False,False,,0,
22,6,6,Stephanie,US0326,False,False,False,False,False,,0,
22,7,7,Sarita,US0327,True,True,True,True,True,"""Bye, guys.""",4,
22,8,8,Matt,US0323,False,False,False,False,False,,0,
22,9,9,Mike,US0328,False,False,False,False,False,,0,
22,10,9,David,US0329,False,False,False,False,False,,0,
22,11,10,Julie,US0330,False,False,False,False,False,,0,
22,12,11,Ralph,US0331,False,False,False,False,False,,0,
22,13,11,Steve,US0332,False,False,False,False,False,,0,
22,14,12,Andrea,US0333,False,False,False,False,False,,0,
22,15,13,Grant,US0334,True,False,True,False,False,"""See you guys shortly.""",1,
22,16,14,Andrea,US0333,False,False,False,False,False,,0,
22,17,14,Ashley,US0335,True,True,False,True,True,,3,
23,1,1,Semhar,US0338,False,False,False,False,False,,0,
23,2,2,Christine,US0339,False,False,False,False,False,,0,
23,3,3,Papa Bear,US0340,True,False,True,True,True,"""Goodbye, everybody""",3,
23,4,4,Stacey,US0341,False,False,False,False,False,,0,
23,5,5,Elyse,US0342,False,False,False,False,False,,0,
23,6,6,Mikayla,US0343,False,False,False,False,False,,0,
23,7,7,Ozzy,US0201,True,True,False,True,True,"""Bye. Be right back.""",3,
23,8,8,Keith,US0344,False,False,False,False,False,,0,
23,9,9,Ozzy,US0201,True,False,True,True,True,"""You better believe it."" ",3,
23,10,9,Jim,US0345,False,False,False,False,False,,0,
23,11,10,Dawn,US0346,False,False,False,False,False,,0,
23,12,10,Whitney,US0347,False,False,False,False,False,,0,
23,13,12,Cochran,US0348,True,True,False,True,True,,3,
23,14,13,Edna,US0349,False,False,False,False,False,,0,
23,15,14,Brandon,US0350,False,False,False,False,False,,0,
23,16,15,Rick,US0351,False,False,False,False,False,,0,
23,17,15,Ozzy,US0201,True,False,True,False,True,"""It was great. Thanks a lot for the chance.""",2,
24,1,2,Nina,US0355,False,False,False,False,False,,0,
24,2,3,Matt,US0356,False,False,False,False,False,,0,
24,3,4,Bill,US0357,False,False,False,False,False,,0,
24,4,5,Monica,US0358,False,False,False,False,False,,0,
24,5,7,Jonas,US0360,True,True,True,True,True,"""Hey, good luck with that food situation.""",4,
24,6,8,Michael,US0361,False,False,False,False,False,,0,
24,7,9,Jay,US0362,False,False,False,False,False,,0,
24,8,10,Leif,US0363,True,False,True,True,False,"""Bye, guys.""",2,
24,9,11,Troyzan,US0364,True,False,False,True,True,,2,
24,10,12,Kat,US0365,False,False,False,False,False,,0,
24,11,13,Tarzan,US0366,True,True,True,True,False,"""I want to thank you ladies and you gentlemen for the adventure and for allowing me to see my wife. Adios.""",3,
24,12,14,Alicia,US0367,False,False,False,False,False,,0,
24,13,14,Christina,US0368,False,False,False,False,False,,0,
25,1,1,Zane,US0372,False,False,False,False,False,,0,
25,2,2,Roxy,US0373,False,False,False,False,False,,0,
25,3,3,Angie,US0374,True,True,True,True,True,"""Good luck, guys. Kick some ass.""",4,
25,4,4,Russell,US0288,False,False,False,False,False,,0,
25,5,5,Dawson,US0376,True,True,False,True,False,,2,Crazy Jeff stare and hug.
25,6,6,Katie,US0377,False,False,False,False,False,,0,
25,7,7,RC,US0378,True,True,False,True,False,,2,
25,8,8,Jeff,US0379,False,False,False,False,False,,0,
25,9,9,Artis,US0380,False,False,False,False,False,,0,
25,10,10,Pete,US0381,True,True,False,True,False,,2,
25,11,11,Jonathan,US0196,True,True,True,True,False,"""Guys... Keep your sunny side up.""",3,
25,12,12,Carter,US0382,False,False,False,False,False,,0,
25,13,13,Abi-Maria,US0383,False,False,False,False,False,,0,
25,14,14,Malcolm,US0384,False,False,False,False,False,,0,
26,1,1,Francesca,US0322,False,False,False,False,False,,0,
26,2,2,Allie,US0387,True,False,True,True,False,"""Good luck, you guys.""",2,
26,3,3,Hope,US0388,False,False,False,False,False,,0,
26,4,4,Laura,US0390,True,False,True,True,False,"""Good luck, guys.""",2,
26,5,5,Brandon,US0350,True,False,True,True,False,"""Kick their asses... Phillip, you're a bitch""",2,
26,6,6,Matt,US0391,True,True,True,True,True,"""Seeya, guys.""",4,
26,7,7,Julia,US0392,True,True,True,True,True,"""It's been fun. Good luck."" ",4,
26,8,8,Corinne,US0259,False,False,False,False,False,,0,
26,9,9,Michael,US0393,True,True,True,True,False,"""You turkeys.""",3,Middle finger
26,10,10,Phillip,US0337,False,False,False,False,False,,0,
26,11,11,Malcolm,US0384,True,True,True,True,True,"""Best of luck, guys.""",4,"Mumbles ""I need a drink."" (not to tribe)"
26,12,12,Reynold,US0394,True,False,True,True,True,"""Been a blast you guys, I can't wait to see wat happens.""",3,
26,13,12,Andrea,US0333,False,False,False,False,False,,0,
26,14,13,Brenda,US0312,True,True,True,True,True,"""It hurts.""",4,Puts hands on heart
26,15,14,Eddie,US0395,True,True,True,True,True,"""What a game, guys.""",4,Waves
27,1,1,Laura B.,US0397,False,False,False,False,False,,0,Non tribal vote off
27,2,1,Candice,US0195,False,False,False,False,False,,0,Non tribal vote off
27,3,1,Marissa,US0398,True,True,False,True,False,,2,Death stare
27,4,2,Rachel,US0399,True,True,True,True,False,"""Peace guys.""",3,
27,5,3,John,US0400,False,False,False,False,False,,0,
27,6,4,Brad,US0401,False,False,False,False,False,,0,
27,7,5,Laura M.,US0292,False,False,False,False,False,,0,
27,8,6,Kat,US0365,False,False,False,False,False,,0,
27,9,7,Laura B.,US0397,True,True,True,True,False,"""Bye, guys.""",3,
27,10,8,Aras,US0182,True,True,True,True,True,"""See you guys. Have fun.""",4,
27,11,9,Vytas,US0402,False,False,False,False,False,,0,
27,12,9,Tina,US0032,True,True,True,True,False,"""See y'all tomorrow.""",3,
27,13,10,Laura M.,US0292,True,True,True,True,True,"""Love you.""",4,"Speaking to her daughter, Ciera"
27,14,11,Caleb,US0403,False,False,False,False,False,,0,
27,15,12,Katie,US0404,True,True,True,True,False,"""Good luck""",3,
27,16,13,Hayden,US0405,True,True,True,True,True,"""See y'all later.""",4,
27,17,14,Ciera,US0406,True,True,True,True,False,"""Bye guys.""",3,
27,18,14,Tina,US0032,False,False,False,False,False,,0,
28,1,1,David,US0407,False,False,False,False,False,,0,
28,2,1,Garrett,US0408,False,False,False,False,False,,0,
28,3,2,Brice,US0409,False,False,False,False,False,,0,
28,4,3,J'Tia,US0410,False,False,False,False,False,,0,
28,5,4,Cliff,US0411,True,True,True,True,True,"""Good luck, guys.""",4,
28,6,5,Alexis,US0413,False,False,False,False,False,,0,
28,7,6,Sarah,US0414,True,True,True,True,True,"""Good luck, guys.""",4,
28,8,7,Morgan,US0415,True,True,True,True,True,"""Good luck, you guys.""",4,
28,9,8,LJ,US0416,True,False,True,False,False,"""Good luck, guys.""",1,
28,10,9,Jeremiah,US0417,True,True,True,True,True,Inaudible,4,
28,11,10,Jefra,US0418,True,True,True,True,True,"""Good luck, guys. It's been fun.""",4,
28,12,11,Tasha,US0419,False,False,False,False,False,,0,
28,13,12,Trish,US0420,True,False,True,True,False,"""Good luck.""",2,
28,14,13,Spencer,US0421,True,True,True,True,False,"""Adios""",3,
28,15,13,Kass,US0422,False,False,False,False,False,,0,
29,1,1,Nadiya,US0425,False,False,False,False,False, ,0,
29,2,2,Val,US0426,False,False,False,False,False,,0,
29,3,3,John,US0427,False,False,False,False,False,,0,
29,4,4,Drew,US0428,False,False,False,False,False,,0,
29,5,5,Kelley,US0429,False,False,False,False,False,,0,
29,6,6,Dale,US0430,False,False,False,False,False,,0,
29,7,8,Josh,US0432,True,True,True,True,False,"""I'll eat a cheeseburger for everybody.""",3,
29,8,9,Jeremy,US0433,False,False,False,False,False,,0,
29,9,10,Wes,US0434,True,True,False,True,False,,2,
29,10,11,Reed,US0435,False,False,False,False,False,,0,
29,11,12,Alec,US0436,False,False,False,False,False,,0,
29,12,13,Jon,US0437,True,True,True,True,False,"""See ya guys. Good luck."" ",3,
29,13,14,Baylor,US0438,True,True,True,True,False,"""Love y'all.""",3,
29,14,14,Keith,US0439,True,True,True,False,False,"""See y'all.""",2,
30,1,1,So,US0443,True,False,True,True,True,"""Good luck, guys.""",3,
30,2,2,Vince,US0444,True,False,True,True,False,"""Good play.""",2,
30,3,3,Nina,US0445,False,False,False,False,False,,0,
30,4,4,Lindsey,US0446,False,False,False,False,False,,0,
30,5,5,Max,US0447,False,False,False,False,False,,0,
30,6,6,Joaquin,US0448,False,False,False,False,False,,0,
30,7,7,Kelly,US0449,False,False,False,False,False,,0,
30,8,8,Hali,US0450,True,True,True,True,True,"""Love you, America.""",4,
30,9,9,Joe,US0451,True,True,True,True,False,"""Hey, love you all. Good luck.""",3,
30,10,10,Jenn,US0452,True,True,True,True,True,"""Bye, guys. Good luck. And play nice, alright? I'll see you soon.""",4,
30,11,11,Shirin,US0453,True,True,True,True,True,"""Bye, guys.""",4,
30,12,12,Tyler,US0454,False,False,False,False,False,,0,
30,13,13,Dan,US0455,False,False,False,False,False,,0,
30,14,14,Sierra,US0456,True,True,True,True,True,"""Sneaky""",4,
30,15,14,Rodney,US0457,True,True,True,True,False,"""Alright, guys""",3,
31,1,1,Vytas,US0402,True,True,True,True,True,"""No hard feelings, you guys. You played such a great game. It's all good.""",4,
31,2,2,Shirin,US0453,False,False,False,False,False,,0,
31,3,3,Peih-Gee,US0233,False,False,False,False,False,,0,
31,4,4,Jeff,US0023,True,False,False,True,False,,1,
31,5,5,Monica,US0295,True,False,False,True,False,,1,
31,6,6,Woo,US0423,False,False,False,False,False,,0,
31,7,7,Kass,US0422,False,False,False,False,False,,0,
31,8,8,Andrew,US0105,True,True,False,True,False,,2,Middle finger to Abi-Maria
31,9,9,Kelly,US0015,False,False,False,False,False,,0,
31,10,10,Ciera,US0406,False,False,False,False,False,,0,
31,11,11,Stephen,US0280,False,False,False,False,False,,0,
31,12,12,Joe,US0451,False,False,False,False,False,"""Good luck, y'all. Boys: Best of luck.""",0,
31,13,13,Abi-Maria,US0383,True,True,True,True,False,"""Well played.""",3,
31,14,14,Kimmi,US0021,True,True,True,True,True,"""Thank you very much for a great game.""",4,
31,15,14,Keith,US0439,True,True,True,True,False,"""Hang in there.""",3,
31,16,14,Kelley,US0429,True,True,True,True,True,"""Good luck guys. See you tomorrow.""",4,
32,1,1,Darnell,US0461,True,False,True,True,False,"""Good game.""",2,
32,2,2,Jennifer,US0462,True,True,True,True,True,"""See you guys. Hope you win lots more challenges.""",4,
32,3,3,Liz,US0463,True,False,True,True,False,"""Good luck everyone!""",2,
32,4,4,Alecia,US0465,True,False,True,True,True,"""Good luck Cydney""",3,
32,5,5,Anna,US0466,True,True,True,True,True,"""Good luck everyone.""",4,
32,6,6,Peter,US0467,True,True,False,True,True,,3,
32,7,8,Nick,US0469,False,False,False,False,False,,0,
32,8,9,Debbie,US0470,False,False,False,False,False,,0,
32,9,10,Scot,US0471,False,False,False,False,False,,0,
32,10,11,Julia,US0472,False,False,False,False,False,,0,
32,11,12,Jason,US0473,True,True,False,False,False,,1,
32,12,14,Cydney,US0475,False,False,False,False,False,,0,
33,1,1,Rachel,US0479,False,False,False,False,False,,0,
33,2,2,Mari,US0480,True,False,True,True,False,"""Salty""",2,
33,3,3,Paul,US0481,True,True,True,True,False,"""Good luck, guys.""",3,
33,4,4,Lucy,US0482,False,False,False,False,False,,0,
33,5,5,CeCe,US0483,True,False,True,True,False,"""Good luck, guys.""",2,
33,6,6,Figgy,US0484,True,False,True,True,False,"""Good luck, Tays.""",2,
33,7,7,Michaela,US0485,True,False,True,True,False,"""You going to feel like an asshole... my shoes... Damn, Jay"" ",2,
33,8,8,Michelle,US0486,True,True,False,True,False,,2,
33,9,9,Taylor,US0487,True,True,True,True,False,"""Good luck, guys... Sorry for stealing food.""",3,
33,10,10,Chris,US0488,True,True,True,True,False,"""Boomer""",3,"Zeke replied, ""Sooner."""
33,11,10,Jessica,US0489,False,False,False,False,False,,0,
33,12,11,Zeke,US0490,False,False,False,False,False,,0,"Just before snuff: ""It's been an honor to play with you all."""
33,13,12,Will,US0491,True,True,True,True,False,"""I had a blast guys. Good luck to all of you.""",3,
33,14,12,Sunday,US0492,True,False,True,True,True,"""Good luck, guys. Have fun.""",3,
33,15,13,Jay,US0493,False,True,False,False,False,,1,
33,16,13,Bret,US0494,True,False,True,True,True,"""David, good luck to you. The rest of you: You just lost a million dollars.""",3,
33,17,13,David,US0495,True,False,True,True,False,"""Playing Survivor is the biggest dream I ever had, and I'm so glad I got to play it with all of you. But not Vinaka.""",2,
34,1,1,Ciera,US0406,True,True,True,True,True,"""Good luck everyone good job.""",4,
34,2,1,Tony,US0424,True,False,False,True,False,,1,
34,3,2,Caleb,US0464,False,False,False,False,False,,0,
34,4,3,Malcolm,US0384,False,False,False,False,False,,0,
34,5,4,J.T.,US0281,False,False,False,False,False,,0,
34,6,5,Sandra,US0112,True,True,True,True,True,,4,
34,7,6,Jeff,US0023,True,True,False,True,False,,2,
34,8,7,Hali,US0450,True,True,True,True,True,"""I enjoyed meeting every one of you. May the best player win!""",4,
34,9,7,Ozzy,US0201,True,True,True,True,True,"""Good job guys. Good luck eating.""",4,
34,10,8,Debbie,US0470,True,True,True,True,True,"""Good luck to you all.""",4,
34,11,9,Zeke,US0490,True,True,True,True,True,"""Keep playing hard gang."" ",4,"Mumbles ""Dammit!"" under breath as walking out"
34,12,10,Sierra,US0456,True,True,True,True,True,"""Yep. Privilege guys!""",4,
34,13,11,Andrea,US0333,False,False,False,False,False,,0,
34,14,11,Michaela,US0485,False,False,False,False,False,,0,
34,15,12,Cirie,US0179,True,True,True,True,True,"""Thank you Jeff""",4,
34,16,12,Aubry,US0477,False,False,False,False,False,"""The full experience.""",0,
34,17,12,Tai,US0476,False,False,False,False,False,"""Thank you Jeff for a great season. Appreicate it. Thank you.""",0,
35,1,1,Katrina,US0499,True,True,True,True,False,"""Good luck, guys.""",3,
35,2,2,Simone,US0500,True,True,True,True,True,"""Bye""",4,
35,3,3,Patrick,US0501,True,False,False,True,False,,1,"Said, ""You guys are awful"" when Jeff made announcement. "
35,4,4,Alan,US0502,True,True,True,True,False,"""Good luck, everyone.""",3,
35,5,5,Roark,US0503,True,True,True,True,False,"""Good luck, guys.""",3,
35,6,6,Ali,US0504,False,False,False,False,False,,0,
35,7,7,Jessica,US0505,True,True,False,True,True,,3,
35,8,8,Desi,US0506,True,True,True,True,True,"""Good luck everyone.""",4,
35,9,9,Cole,US0507,True,True,True,True,True,"""Good luck, guys. Have fun out there."" ",4,
35,10,10,JP,US0508,False,False,False,False,False,,0,"""Damn, they got me good,"" he said out of jury earshot. "
35,11,10,Joe,US0509,False,False,False,False,False,,0,
35,12,11,Lauren,US0510,True,True,True,True,True,"""Good luck, guys.""",4,
35,13,12,Ashley,US0511,True,True,True,True,False,"""Good luck, you guys.""",3,
35,14,13,Mike,US0512,True,True,True,False,False,"""Good luck, everybody.""",2,
35,15,13,Devon,US0513,True,True,False,True,True,,3,
36,1,1,Gonzalez,US0517,False,False,False,False,False,,0,"Said ""sad"" as she walked away. "
36,2,1,Jacob,US0518,True,True,True,True,True,"""Y'all did good.""",4,
36,3,2,Morgan,US0519,True,True,True,True,True,"""Don't trust the cute blondes.""",4,
36,4,3,Brendan,US0520,False,False,False,False,False,,0,
36,5,4,Stephanie,US0521,True,True,True,True,False,"""Bye guys.""",3,
36,6,5,James,US0522,True,True,True,True,True,"""Great blindside, y'all. It's been a true pleasure playing with you all. Best of luck.""",4,
36,7,6,Bradley,US0523,False,False,False,False,False,,0,
36,8,7,Chris,US0524,False,False,False,False,False,,0,
36,9,8,Libby,US0525,True,True,True,True,True,"""See you, guys.""",4,
36,10,9,Desiree,US0526,True,False,True,False,False,"""Ladies y'all better keep winning.""",1,
36,11,10,Jenna,US0527,False,False,False,False,False,,0,
36,12,10,Michael,US0528,True,True,True,True,False,"""It's been one hell of a time, guys. Vinaka.""",3,
36,13,11,Chelsea,US0529,False,False,False,False,False,,0,
36,14,12,Kellyn,US0530,True,True,True,True,True,"""It's truly been a pleasure. From the bottom of my heart, I wish you all the best of look.""",4,
36,15,13,Sebastian,US0531,True,True,True,True,True,"""You guys have no idea how much fun I had with all you. It was truly a pleasure.""",4,
36,16,13,Donathan,US0532,False,False,False,False,False,,0,
36,17,13,Angela,US0533,True,True,True,True,False,"""Good luck.""",3,
37,1,2,Jessica,US0538,True,False,True,True,False,"""Bye, guys.""",2,
37,2,3,Jeremy,US0539,False,False,False,False,False,,0,
37,3,4,Natalia,US0541,True,True,True,True,False,"""Did you know? Why are you smiling. Oh my God I can't handle you right now.""",3,
37,4,5,Natalie,US0542,False,False,False,False,False,,0,
37,5,6,Lyrsa,US0543,True,False,True,True,False,"""Bye, guys.""",2,
37,6,7,Elizabeth,US0544,True,False,True,True,True,"""Good luck, you guys. I love you all. I really do.""",3,
37,7,8,John,US0545,True,True,True,True,True,"""Guys""",4,
37,8,9,Dan,US0546,False,False,False,False,False,,0,
37,9,10,Alec,US0547,True,True,False,True,True,,3,
37,10,10,Carl,US0548,True,True,True,True,False,"""Go get 'em. Good job, guys.""",3,
37,11,11,Gabby,US0549,True,True,True,True,True,"""Sorry, Christian. I love you.""",4,
37,12,12,Christian,US0550,True,True,True,True,False,"""Good luck to you all. Well played.""",3,
37,13,13,Davie,US0551,True,True,True,True,False,"""I will say this. The person who orchestrated this, you now have my vote for a million dollars. It's up to someone else to make a bigger move.""",3,
37,14,13,Alison,US0552,True,True,True,True,True,"""Good luck. I'll see you all soon.""",4,
37,15,13,Kara,US0553,True,True,True,True,True,"Bye guys. See you soon.""",4,
38,1,1,Reem,US0557,True,False,True,True,False,"""Thank you.""",2,"Mumbles ""I hope it pours down rain on these people."" under breath."
38,2,2,Keith,US0558,False,False,False,False,False,,0,"Said, ""Dang, Dang, Dang. Dangit!"" but not to tribe. "
38,3,3,Chris,US0559,False,False,False,False,False,,0,
38,4,4,Rick,US0560,True,True,True,True,True,,4,"""I take it all back. You guys are the worst. I love you guys. Go win something. I'm rooting for you."""
38,5,5,Aubry,US0477,True,False,True,True,False,"""Good luck, guys. Kill it.""",2,
38,6,5,Wendy,US0561,True,True,True,True,True,,4,"""Bye guys."""
38,7,6,Joe,US0451,True,False,True,True,False,"""You made a big mistake."" ",2,As he walked away after turning to glare at them. 
38,8,7,Eric,US0562,True,False,True,True,False,"""The lord gives. The lord takes away. What a fun experience. Hopefully I'll see you soon.""",2,
38,9,8,Julia,US0563,True,False,True,True,True,"""It's been such a pleasure, guys. I know it's a game but, really, take care of yourselves and each other. Good luck.""",3,
38,10,9,David,US0495,True,False,True,True,True,"""No hard feelings guys. You know I had to try. But I am going to follow my way back in."" ",3,
38,11,9,Kelley,US0429,True,False,True,True,True,"""Good luck. See you soon.""",3,
38,12,10,Wardog,US0564,True,True,True,True,True,"""Y'all made the right decision. Love you.""",4,
38,13,11,Ron,US0565,True,True,True,True,True,"""Devins, you're a great player. It was a lot of fun. Bye. Thanks.""",4,
38,14,12,Aurora,US0566,True,True,True,True,True,"""Good game guys. Good luck. Get him out.""",4,Referring to Devins
38,15,13,Victoria,US0567,True,True,True,True,True,"""I'm not sure which one of you did it. Devins, great play. Gavin, I'm voing for you, man.""",4,
38,16,13,Lauren,US0568,True,True,True,True,True,"""Bye guys. Seriously, good luck.""",4,
38,17,13,Rick,US0560,True,True,True,True,True,"""Thank you.""",4,
39,1,1,Ronnie,US0571,True,True,True,True,False,"""OK guys.""",3,
39,2,2,Molly,US0572,True,True,True,True,True,"""Good luck, guys.""",4,
39,3,3,Vince,US0573,True,True,True,True,True,"""Good luck, all.""",4,
39,4,4,Chelsea,US0574,True,True,True,True,True,"""Good luck, guys.""",4,
39,5,5,Tom,US0575,True,True,True,False,False,"""See ya, guys. Good luck.""",2,
39,6,6,Jason,US0576,False,False,False,False,False,,0,
39,7,7,Jack,US0577,True,True,True,True,True,"""See you all.""",4,
39,8,8,Kellee,US0578,True,True,True,True,True,"""Good luck, guys.""",4,
39,9,8,Jamal,US0579,False,False,False,False,False,,0,
39,10,9,Aaron,US0580,False,False,False,False,False,,0,
39,11,9,Missy,US0581,True,True,True,True,True,"""Dang, Elaine, I knew it. All right. I'll see you all later. Wednesday night at 8.""",4,
39,12,10,Elizabeth,US0582,True,True,True,True,True,"""Love you.""",4,
39,13,11,Karishma,US0583,False,False,False,False,False,,0,
39,14,12,Elaine,US0584,True,True,True,True,False,"""Love y'all.""",3,
39,15,13,Janet,US0586,True,True,True,True,False,"""Bye guys.""",3,
39,16,13,Lauren,US0587,True,True,True,True,True,"""Bye guys, good luck. Love you Tommy.""",4,
40,1,1,Natalie,US0442,False,False,False,False,False,,0,
40,2,1,Amber,US0027,False,False,False,False,False,,0,
40,3,2,Danni,US0166,False,False,False,False,False,,0,
40,4,3,Ethan,US0048,True,False,True,True,False,"""Good luck.""",2,
40,5,4,Tyson,US0274,False,False,False,False,False,,0,
40,6,5,Boston Rob,US0055,False,False,False,False,False,,0,
40,7,6,Parvati,US0197,True,False,True,True,False,"""Good luck, guys.""",2,
40,8,6,Sandra,US0112,True,False,True,True,True,"""Day 16 got me again.""",3,
40,9,7,Yul,US0202,True,True,True,True,False,"""Alright, you guys.""",3,
40,10,8,Wendell,US0536,True,False,True,True,False,"""Keep playing, guys.""",2,
40,11,9,Adam,US0498,True,False,True,True,False,"""Good luck, guys.""",2,
40,12,10,Tyson,US0274,True,False,True,True,False,"""See you guy soon.""",2,
40,13,11,Sophie,US0353,True,True,True,True,False,"""Good luck, guys. Did not see it coming.""",3,
40,14,12,Kim,US0371,True,True,False,True,False,,2,
40,15,13,Jeremy,US0433,False,False,False,False,False,,0,
40,16,13,Nick,US0556,True,True,True,True,False,"""I'll do my best to join you again tomorrow.""",3,
40,17,14,Denise,US0386,True,True,True,True,False,"""Kick ass.""",3,
40,18,14,Ben,US0516,False,False,False,False,False,,0,
40,19,14,Sarah,US0414,True,True,True,True,False,"""It was a pleasure. Tony: I love you. Crush it tomorrow, alright?""",3,
41,1,1,Abraham,US0591,True,True,True,True,False,"""Enjoy this ride.""",3,
41,2,1,Sara,US0592,True,True,True,True,True,"""Good bye. Good luck.""",4,
41,3,2,Voce,US0607,False,False,False,False,False,,0,
41,4,3,Brad,US0602,False,False,False,False,False,,0,
41,5,4,JD,US0603,True,True,False,True,False,,2,
41,6,5,Genie,US0595,True,True,True,True,False,"""Bye guys.""",3,
41,7,7,Sydney,US0605,False,False,False,False,False,,0,
41,8,8,Tiffany,US0604,True,True,True,True,True,"""Good luck, guys.""",4,
41,9,9,Naseer,US0600,True,True,True,True,True,"""Good job, guys.""",4,
41,10,9,Evvie,US0598,True,True,True,True,False,"""Well played, guys.""",3,
41,11,10,Shan,US0606,False,False,False,False,False,,0,
41,12,11,Liana,US0608,True,True,True,True,True,"""Bye y'all. Play hard.""",4,
41,13,12,Danny,US0599,True,True,True,True,True,"""Apprecite you. Go Cowboys.""",4,
41,14,13,Ricard,US0596,True,True,False,True,True,,3,
41,15,13,Heather,US0593,True,True,True,True,True,"""Bye, guys.""",4,
42,1,1,Zach,US0626,True,True,True,True,True,"""I really did have a blast.""",4,
42,2,2,Marya,US0618,True,True,True,True,True,"""See you guys. Bring it home.""",4,
42,3,3,Jenny,US0614,False,False,False,False,False,,0,
42,4,4,Swati,US0624,False,False,False,False,False,,0,
42,5,5,Daniel,US0610,True,False,False,True,False,,1,
42,6,7,Lydia,US0617,True,False,True,True,True,"""Good luck guys.""",3,
42,7,8,Chanelle,US0609,False,False,False,False,False,,0,
42,8,9,Rocksroy,US0622,True,True,True,True,False,"""Good luck.""",3,
42,9,9,Tori,US0625,True,True,True,True,True,"""Have fun, y'all""",4,
42,10,10,Hai,US0612,True,True,True,True,True,"""Bye guys.""",4,
42,11,11,Drea,US0611,True,True,True,True,True,"""Love you.""",4,
42,12,12,Omar,US0621,True,True,True,True,True,"""Love you, guys. See you soon.""",4,
42,13,13,Lindsay,US0616,True,True,True,True,True,"Good luck, guys. Gonna eat so much food.""",4,
42,14,13,Jonathan,US0615,True,True,True,True,False,"""Hey, my friends. All love.""",3,
43,1,1,Morriah,US0639,True,True,True,True,True,"""Bye guys.""",4,
43,2,2,Justine,US0635,True,True,True,True,True,,4,
43,3,3,Nneka,US0640,True,False,True,True,True,"""Bye guys.""",3,
43,4,4,Lindsay,US0637,False,False,False,False,False,,0,
43,5,5,Geo,US0631,False,False,False,False,False,,0,
43,6,6,Elie,US0630,False,False,False,False,False,,0,Took a swipe at Gabler before douse
43,7,7,Dwight,US0629,True,True,True,True,True,"""Thank you""",4,
43,8,8,Jeanine,US0633,True,True,True,True,False,"""See you guys in the real world.""",3,
43,9,9,James,US0632,False,False,False,False,False,,0,
43,10,9,Ryan,US0643,False,False,False,False,False,,0,
43,11,10,Noelle,US0641,True,True,True,True,True,"""Good luck everyone.""",4,
43,12,11,Sami,US0644,True,True,True,True,True,"""Lot of fun, peeps.""",4,
43,13,12,Cody,US0628,True,True,True,True,True," ""A hui hou ... and aloha""",4,
43,14,13,Karla,US0636,True,False,True,True,True,"""Good luck, y'all. I love y'all.""",3,
43,15,13,Jesse,US0634,False,True,False,False,False,,1,
44,1,1,Maddy,US0649,True,True,True,True,True,"""Good luck you guys.""",4,
44,2,2,Helen,US0660,False,False,False,False,False,,0,
44,3,3,Claire,US0651,True,False,True,True,False,"""Good luck.""",2,
44,4,4,Sarah,US0661,False,False,False,False,False,,0,
44,5,6,Josh,US0655,True,True,True,True,False,"""Bye guys.""",3,
44,6,7,Matt,US0656,True,True,True,True,False,"""Proud of you, Frannie, for winning today.""",3,
44,7,8,Brandon,US0645,True,True,True,True,False,"""Well played.""",3,
44,8,9,Kane,US0647,True,False,True,True,True,"""Enjoy your rice, you bitches.""",3,
44,9,10,Frannie,US0653,True,True,False,True,True,,3,
44,10,11,Danny,US0652,True,True,True,True,True,"""You're awesome.""",4,
44,11,12,Jaime,US0646,True,True,True,True,True,"""Love you guys."" ",4,"""Love you Jeff"""
44,12,13,Lauren,US0648,True,True,False,True,True,,3,
44,13,13,Carson,US0659,True,False,True,True,True,"""Good luck, y'all. Y'all are amazing.""",3,
45,1,1,Hannah,US0669,True,True,True,True,True,"""I love you guys so much.""",4,
45,2,2,Brandon,US0665,True,False,True,True,True,"""This is cool. It's really cool.""",3,
45,3,3,Sabiyah,US0677,True,False,True,True,True,"""Who? ... Who?""",3,
45,4,4,Sean,US0678,False,False,False,False,False,,0,
45,5,5,Brando,US0664,True,True,True,True,True,"""Hey, one of y'all win it for me. I love you all. Good luck.""",4,Blew a kiss
45,6,6,J. Maya,US0670,True,True,False,True,True,,3,
45,7,7,Sifu,US0679,True,True,True,True,False,"""Thank you, everybody. It's been a pleasure.""",3,Bowed 
45,8,7,Kaleb,US0673,True,True,True,True,True,"""Always a pleasure.""",4,
45,9,8,Kellie,US0675,True,False,True,True,False,"""Bye.""",2,"Earlier said, ""What the hell guys?"""
45,10,9,Kendra,US0676,True,False,False,True,False,,1,
45,11,10,Bruce,US0657,True,True,False,False,False,,1,"""It has been an honor,"" said earlier."
45,12,11,Emily,US0668,True,True,True,True,True,"""My vote's going to the best player.""",4,
45,13,12,Drew,US0667,False,False,False,False,False,,0,
45,14,13,Julie,US0672,True,True,False,True,True,,3,Blew a kiss
45,15,13,Katurah,US0674,True,False,True,False,True,"""Love you guys. Good luck! Give 'em hell.""",2,
46,1,1,Jelinsky,US0683,False,False,False,False,False,,0,
46,2,2,Jess,US0686,True,True,True,True,True,"""Bye""",4,
46,3,4,Bhanu,US0681,True,True,False,True,False,,2,
46,4,5,Jem,US0685,False,False,False,False,False,,0,
46,5,6,Moriah,US0690,True,True,False,True,False,,2,
46,6,7,Tim,US0696,True,True,True,True,False,"""Love y'all.""",3,
46,7,7,Soda,US0693,True,True,False,True,False,,2,"Earlier she said, ""I hope you crush it, man"""
46,8,8,Tevin,US0694,True,True,True,True,False,"""It doesn't rock.""",3,
46,9,9,Hunter,US0684,False,False,False,False,False,,0,"""Yes they have"" in response to Jeff saying the tribe has spoken"
46,10,10,Tiffany,US0695,True,True,False,True,False,,2,Blew a kiss
46,11,11,Venus,US0697,True,False,True,True,True,"""Great game, you guys.""",3,
46,12,12,Q,US0691,True,True,True,True,False,"""See y'all now""",3,
46,13,13,Maria,US0689,True,False,True,True,True,"""It's been a pleasure, you guys.""",3,Blew a kiss
46,14,13,Liz,US0688,False,False,False,False,False,,0,
